{"cameraMode":{"drawMode":0,"name":"Shaded","section":"Shading Mode"},"sceneLighting":true,"audioPlay":false,"sceneViewState":{"m_AlwaysRefresh":false,"showFog":true,"showSkybox":false,"showFlares":true,"showImageEffects":true,"showParticleSystems":true,"showVisualEffectGraphs":true,"m_FxEnabled":true},"in2DMode":false,"pivot":{"x":39.98246383666992,"y":41.061763763427737,"z":1597.24609375},"rotation":{"x":0.03393987938761711,"y":-0.0019422282930463553,"z":-0.00017926054715644568,"w":0.9994377493858337},"size":15.634774208068848,"orthographic":false}